slug,title,year,type,tmdb_id,poster_path,backdrop_path,logline,budget
the-matrix,The Matrix,1999,movie,603,https://image.tmdb.org/t/p/w500/p96dm7sCMn4VYAStA6siNz30G1r.jpg,https://image.tmdb.org/t/p/w1280/tlm8UkiQsitc8rSuIAscQDCnP8d.jpg,"Set in the 22nd century, The Matrix tells the story of a computer hacker who joins a group of underground insurgents fighting the vast and powerful computers wh",100
terminator-2,Terminator 2: Judgment Day,1991,movie,280,https://image.tmdb.org/t/p/w500/jFTVD4XoWQTcg7wdyJKa8PEds5q.jpg,https://image.tmdb.org/t/p/w1280/izkMjmhauFx9DjoBQqM5sM5WAwE.jpg,"Ten years after the events of the original, a reprogrammed T-800 is sent back in time to protect young John Connor from the shape-shifting T-1000. Together with",100
aliens,Aliens,1986,movie,679,https://image.tmdb.org/t/p/w500/r1x5JGpyqZU8PYhbs4UcrO1Xb6x.jpg,https://image.tmdb.org/t/p/w1280/4kix6fAblJIH6eMs0Ku2loyZJXK.jpg,"Ripley, the sole survivor of the Nostromo's deadly encounter with the monstrous Alien, returns to Earth after drifting through space in hypersleep for 57 years.",80
blade-runner,Blade Runner,1982,movie,78,https://image.tmdb.org/t/p/w500/63N9uy8nd9j7Eog2axPQ8lbr3Wj.jpg,https://image.tmdb.org/t/p/w1280/qr7dUqleMRd0VgollazbmyP9XjI.jpg,"In the smog-choked dystopian Los Angeles of 2019, blade runner Rick Deckard is called out of retirement to terminate a quartet of replicants who have escaped to",80
the-dark-knight,The Dark Knight,2008,movie,155,https://image.tmdb.org/t/p/w500/qJ2tW6WMUDux911r6m7haRef0WH.jpg,https://image.tmdb.org/t/p/w1280/dqK9Hag1054tghRQSqLSfrkvQnA.jpg,"Batman raises the stakes in his war on crime. With the help of Lt. Jim Gordon and District Attorney Harvey Dent, Batman sets out to dismantle the remaining crim",150
inception,Inception,2010,movie,27205,https://image.tmdb.org/t/p/w500/xlaY2zyzMfkhk0HSC5VUwzoZPU1.jpg,https://image.tmdb.org/t/p/w1280/8ZTVqvKDQ8emSGUEMjsS4yHAwrp.jpg,"Cobb, a skilled thief who commits corporate espionage by infiltrating the subconscious of his targets is offered a chance to regain his old life as payment for ",150
interstellar,Interstellar,2014,movie,157336,https://image.tmdb.org/t/p/w500/yQvGrMoipbRoddT0ZR8tPoR7NfX.jpg,https://image.tmdb.org/t/p/w1280/2ssWTSVklAEc98frZUQhgtGHx7s.jpg,The adventures of a group of explorers who make use of a newly discovered wormhole to surpass the limitations on human space travel and conquer the vast distanc,150
mad-max-fury-road,Mad Max: Fury Road,2015,movie,76341,https://image.tmdb.org/t/p/w500/hA2ple9q4qnwxp3hKVNhroipsir.jpg,https://image.tmdb.org/t/p/w1280/l0eIS009XtEO80aC6zjM3o3AkEl.jpg,"An apocalyptic story set in the furthest reaches of our planet, in a stark desert landscape where humanity is broken, and most everyone is crazed fighting for t",100
jurassic-park,Jurassic Park,1993,movie,329,https://image.tmdb.org/t/p/w500/maFjKnJ62hDQ9E66dKqDZgbUy0H.jpg,https://image.tmdb.org/t/p/w1280/mzFjAVLdZAD6UDT5BMRItHL5IVf.jpg,"A wealthy entrepreneur secretly creates a theme park featuring living dinosaurs drawn from prehistoric DNA. Before opening day, he invites a team of experts and",100
gladiator,Gladiator,2000,movie,98,https://image.tmdb.org/t/p/w500/ty8TGRuvJLPUmAR1H1nRIsgwvim.jpg,https://image.tmdb.org/t/p/w1280/jhk6D8pim3yaByu1801kMoxXFaX.jpg,"After the death of Emperor Marcus Aurelius, his devious son takes power and demotes Maximus, one of Rome's most capable generals who Marcus preferred. Eventuall",100
the-godfather,The Godfather,1972,movie,238,https://image.tmdb.org/t/p/w500/3bhkrj58Vtu7enYsRolD1fZdja1.jpg,https://image.tmdb.org/t/p/w1280/tSPT36ZKlP2WVHJLM4cQPLSzv3b.jpg,"Spanning the years 1945 to 1955, a chronicle of the fictional Italian-American Corleone crime family. When organized crime family patriarch, Vito Corleone barel",100
the-godfather-ii,The Godfather Part II,1974,movie,240,https://image.tmdb.org/t/p/w500/hek3koDUyRQk7FIhPXsa6mT2Zc3.jpg,https://image.tmdb.org/t/p/w1280/kGzFbGhp99zva6oZODW5atUtnqi.jpg,"In the continuing saga of the Corleone crime family, a young Vito Corleone grows up in Sicily and in 1910s New York. In the 1950s, Michael Corleone attempts to ",100
goodfellas,GoodFellas,1990,movie,769,https://image.tmdb.org/t/p/w500/9OkCLM73MIU2CrKZbqiT8Ln1wY2.jpg,https://image.tmdb.org/t/p/w1280/gILte6Zd7m1YneIr6MVhh30S9pr.jpg,"The true story of Henry Hill, a half-Irish, half-Sicilian Brooklyn kid who is adopted by neighbourhood gangsters at an early age and climbs the ranks of a Mafia",100
pulp-fiction,Pulp Fiction,1994,movie,680,https://image.tmdb.org/t/p/w500/vQWk5YBFWF4bZaofAbv0tShwBvQ.jpg,https://image.tmdb.org/t/p/w1280/suaEOtk1N1sgg2MTM7oZd2cfVp3.jpg,"A burger-loving hit man, his philosophical partner, a drug-addled gangster's moll and a washed-up boxer converge in this sprawling, comedic crime caper. Their a",80
schindlers-list,Schindler's List,1993,movie,424,https://image.tmdb.org/t/p/w500/sF1U4EUQS8YHUYjNl3pMGNIQyr0.jpg,https://image.tmdb.org/t/p/w1280/zb6fM1CX41D9rF9hdgclu0peUmy.jpg,"The true story of how businessman Oskar Schindler saved over a thousand Jewish lives from the Nazis while they worked as slaves in his factory during World War ",80
shawshank-redemption,The Shawshank Redemption,1994,movie,278,https://image.tmdb.org/t/p/w500/9cqNxx0GxF0bflZmeSMuL5tnGzr.jpg,https://image.tmdb.org/t/p/w1280/zfbjgQE1uSd9wiPTX4VzsLi0rGG.jpg,"Imprisoned in the 1940s for the double murder of his wife and her lover, upstanding banker Andy Dufresne begins a new life at the Shawshank prison, where he put",80
silence-of-the-lambs,The Silence of the Lambs,1991,movie,274,https://image.tmdb.org/t/p/w500/uS9m8OBk1A8eM9I042bx8XXpqAq.jpg,https://image.tmdb.org/t/p/w1280/aYcnDyLMnpKce1FOYUpZrXtgUye.jpg,"Clarice Starling is a top student at the FBI's training academy.  Jack Crawford wants Clarice to interview Dr. Hannibal Lecter, a brilliant psychiatrist who is ",80
no-country-for-old-men,No Country for Old Men,2007,movie,6977,https://image.tmdb.org/t/p/w500/6d5XOczc226jECq0LIX0siKtgHR.jpg,https://image.tmdb.org/t/p/w1280/nsHXexZQvUJv8WXvmQHohn5Hv1l.jpg,"Llewelyn Moss stumbles upon dead bodies, $2 million and a hoard of heroin in a Texas desert, but methodical killer Anton Chigurh comes looking for it, with loca",80
there-will-be-blood,There Will Be Blood,2007,movie,7345,https://image.tmdb.org/t/p/w500/fa0RDkAlCec0STeMNAhPaF89q6U.jpg,https://image.tmdb.org/t/p/w1280/9UAKA6ceZi6TgQwTAAMt7DWwYPI.jpg,"Ruthless silver miner, turned oil prospector, Daniel Plainview, moves to oil-rich California. Using his son to project a trustworthy, family-man image, Plainvie",80
fargo,Fargo,1996,movie,275,https://image.tmdb.org/t/p/w500/rt7cpEr1uP6RTZykBFhBTcRaKvG.jpg,https://image.tmdb.org/t/p/w1280/747dgDfL5d8esobk7h4odaOFhUq.jpg,"Jerry, a small-town Minnesota car salesman is bursting at the seams with debt... but he's got a plan. He's going to hire two thugs to kidnap his wife in a schem",60
jaws,Jaws,1975,movie,578,https://image.tmdb.org/t/p/w500/tjbLSFwi0I3phZwh8zoHWNfbsEp.jpg,https://image.tmdb.org/t/p/w1280/i1yf91svRHX45l9BXL8rVFzLoPH.jpg,"When the seaside community of Amity finds itself under attack by a dangerous great white shark, the town's chief of police, a young marine biologist, and a griz",80
the-shining,The Shining,1980,movie,694,https://image.tmdb.org/t/p/w500/uAR0AWqhQL1hQa69UDEbb2rE5Wx.jpg,https://image.tmdb.org/t/p/w1280/mmd1HnuvAzFc4iuVJcnBrhDNEKr.jpg,"Jack Torrance accepts a caretaker job at the Overlook Hotel, where he, along with his wife Wendy and their son Danny, must live isolated from the rest of the wo",80
se7en,Se7en,1995,movie,807,https://image.tmdb.org/t/p/w500/191nKfP0ehp3uIvWqgPbFmI4lv9.jpg,https://image.tmdb.org/t/p/w1280/wivWTbadzu3YLyEFzfvNUdo4Xn4.jpg,"Two homicide detectives are on a desperate hunt for a serial killer whose crimes are based on the ""seven deadly sins"" in this dark and haunting film that takes ",80
heat,Heat,1995,movie,949,https://image.tmdb.org/t/p/w500/umSVjVdbVwtx5ryCA2QXL44Durm.jpg,https://image.tmdb.org/t/p/w1280/kMRdsjSHifqGZPfHdZIS8YfNMk0.jpg,Obsessive master thief Neil McCauley leads a top-notch crew on various daring heists throughout Los Angeles while determined detective Vincent Hanna pursues him,100
rear-window,Rear Window,1954,movie,567,https://image.tmdb.org/t/p/w500/ILVF0eJxHMddjxeQhswFtpMtqx.jpg,https://image.tmdb.org/t/p/w1280/zGs5tZOlvc9cprdcU6kDOVNpujf.jpg,A wheelchair-bound photographer spies on his neighbors from his apartment window and becomes convinced one of them has committed murder.,60
psycho,Psycho,1960,movie,539,https://image.tmdb.org/t/p/w500/yz4QVqPx3h1hD1DfqqQkCq3rmxW.jpg,https://image.tmdb.org/t/p/w1280/mufF1aYvwdpKerhq5R1YrVcbJLY.jpg,"When larcenous real estate clerk Marion Crane goes on the lam with a wad of cash and hopes of starting a new life, she ends up at the notorious Bates Motel, whe",60
ferris-buellers-day-off,Ferris Bueller's Day Off,1986,movie,9377,https://image.tmdb.org/t/p/w500/9LTQNCvoLsKXP0LtaKAaYVtRaQL.jpg,https://image.tmdb.org/t/p/w1280/leehjwM57DKJ79XMUll4oAF0kin.jpg,"After high school slacker Ferris Bueller successfully fakes an illness in order to skip school for the day, he goes on a series of adventures throughout Chicago",60
the-big-lebowski,The Big Lebowski,1998,movie,115,https://image.tmdb.org/t/p/w500/9mprbw31MGdd66LR0AQKoDMoFRv.jpg,https://image.tmdb.org/t/p/w1280/hXsy4XCCHrUk81XoRhcooyWejao.jpg,"Jeffrey 'The Dude' Lebowski, a Los Angeles slacker who only wants to bowl and drink White Russians, is mistaken for another Jeffrey Lebowski, a wheelchair-bound",60
groundhog-day,Groundhog Day,1993,movie,137,https://image.tmdb.org/t/p/w500/gCgt1WARPZaXnq523ySQEUKinCs.jpg,https://image.tmdb.org/t/p/w1280/ttBydD0SynC0TMkW3AcnmsySkLp.jpg,"A cynical TV weatherman, along with his idealistic producer and his sardonic cameraman, is sent to report on Groundhog Day in the small town of Punxsutawney, wh",60
superbad,Superbad,2007,movie,8363,https://image.tmdb.org/t/p/w500/ek8e8txUyUwd2BNqj6lFEerJfbq.jpg,https://image.tmdb.org/t/p/w1280/giYuvpmpZbwkT3NtX4WdNYqGhxw.jpg,Two co-dependent high school seniors are forced to deal with separation anxiety after their plan to stage a booze-soaked party goes awry.,60
raiders-of-the-lost-ark,Raiders of the Lost Ark,1981,movie,85,https://image.tmdb.org/t/p/w500/ceG9VzoRAVGwivFU403Wc3AHRys.jpg,https://image.tmdb.org/t/p/w1280/zPACwR32amTNvzId9qyapCWXYDJ.jpg,When Dr. Indiana Jones – the tweed-suited professor who just happens to be a celebrated archaeologist – is hired by the government to locate the legendary Ark o,100
the-empire-strikes-back,The Empire Strikes Back,1980,movie,1891,https://image.tmdb.org/t/p/w500/nNAeTmF4CtdSgMDplXTDPOpYzsX.jpg,https://image.tmdb.org/t/p/w1280/aJCtkxLLzkk1pECehVjKHA2lBgw.jpg,"The epic saga continues as Luke Skywalker, in hopes of defeating the evil Galactic Empire, learns the ways of the Jedi from aging master Yoda. But Darth Vader i",150
back-to-the-future,Back to the Future,1985,movie,105,https://image.tmdb.org/t/p/w500/vN5B5WgYscRGcQpVhHl6p9DDTP0.jpg,https://image.tmdb.org/t/p/w1280/qskzmLTbarKnXDbo2HRj4NJ3vcW.jpg,"Eighties teenager Marty McFly is accidentally sent back in time to 1955, inadvertently disrupting his parents' first meeting and attracting his mother's romanti",80
fellowship-of-the-ring,The Lord of the Rings: The Fellowship of the Ring,2001,movie,120,https://image.tmdb.org/t/p/w500/6oom5QYQ2yQTMJIbnvbkBL9cHo6.jpg,https://image.tmdb.org/t/p/w1280/a0lfia8tk8ifkrve0Tn8wkISUvs.jpg,"Young hobbit Frodo Baggins, after inheriting a mysterious ring from his uncle Bilbo, must leave his home in order to keep it from falling into the hands of its ",150
the-princess-bride,The Princess Bride,1987,movie,2493,https://image.tmdb.org/t/p/w500/2FC9L9MrjBoGHYjYZjdWQdopVYb.jpg,https://image.tmdb.org/t/p/w1280/2CisgvF2HcIVnbMZbSjASCtSgEb.jpg,"In this enchantingly cracked fairy tale, the beautiful Princess Buttercup and the dashing Westley must overcome staggering odds to find happiness amid six-finge",60
chinatown,Chinatown,1974,movie,829,https://image.tmdb.org/t/p/w500/kZRSP3FmOcq0xnBulqpUQngJUXY.jpg,https://image.tmdb.org/t/p/w1280/pyvkujOZ5qvY2NlQVC71flfgVWE.jpg,"Private eye Jake Gittes lives off of the murky moral climate of sunbaked, pre-World War II Southern California. Hired by a beautiful socialite to investigate he",60
apocalypse-now,Apocalypse Now,1979,movie,28,https://image.tmdb.org/t/p/w500/gQB8Y5RCMkv2zwzFHbUJX3kAhvA.jpg,https://image.tmdb.org/t/p/w1280/eN5G8vTWLnZxJ0LTd4g27oPObcZ.jpg,"At the height of the Vietnam war, Captain Benjamin Willard is sent on a dangerous mission that, officially, ""does not exist, nor will it ever exist."" His goal i",80
alien,Alien,1979,movie,348,https://image.tmdb.org/t/p/w500/vfrQk5IPloGg1v9Rzbh2Eg3VGyM.jpg,https://image.tmdb.org/t/p/w1280/AmR3JG1VQVxU8TfAvljUhfSFUOx.jpg,"During its return to the earth, commercial spaceship Nostromo intercepts a distress signal from a distant planet. When a three-member team of the crew discovers",80
the-sopranos,The Sopranos,1999,tv,1398,https://image.tmdb.org/t/p/w500/rTc7ZXdroqjkKivFPvCPX0Ru7uw.jpg,https://image.tmdb.org/t/p/w1280/lNpkvX2s8LGB0mjGODMT4o6Up7j.jpg,The story of New Jersey-based Italian-American mobster Tony Soprano and the difficulties he faces as he tries to balance the conflicting requirements of his hom,80
breaking-bad,Breaking Bad,2008,tv,1396,https://image.tmdb.org/t/p/w500/ztkUQFLlC19CCMYHW9o1zWhJRNq.jpg,https://image.tmdb.org/t/p/w1280/tsRy63Mu5cu8etL1X7ZLyf7UP1M.jpg,"Walter White, a New Mexico chemistry teacher, is diagnosed with Stage III cancer and given a prognosis of only two years left to live. He becomes filled with a ",80
the-wire,The Wire,2002,tv,1438,https://image.tmdb.org/t/p/w500/4lbclFySvugI51fwsyxBTOm4DqK.jpg,https://image.tmdb.org/t/p/w1280/layPSOJGckJv3PXZDIVluMq69mn.jpg,"Told from the points of view of both the Baltimore homicide and narcotics detectives and their targets, the series captures a universe in which the national war",80
game-of-thrones,Game of Thrones,2011,tv,1399,https://image.tmdb.org/t/p/w500/1XS1oqL89opfnbLl8WnZY1O1uJx.jpg,https://image.tmdb.org/t/p/w1280/zZqpAXxVSBtxV9qPBcscfXBcL2w.jpg,Seven noble families fight for control of the mythical land of Westeros. Friction between the houses leads to full-scale war. All while a very ancient evil awak,150
the-west-wing,The West Wing,1999,tv,688,https://image.tmdb.org/t/p/w500/yqDWr5NAE7m1IWrygYwLyEB6pN0.jpg,https://image.tmdb.org/t/p/w1280/o6ixncGLOtRPz78vEIy9p1cOn9J.jpg,The West Wing provides a glimpse into presidential politics in the nation's capital as it tells the stories of the members of a fictional presidential administr,80
mad-men,Mad Men,2007,tv,1104,https://image.tmdb.org/t/p/w500/7v8iCNzKFpdlrCMcqCoJyn74Nsa.jpg,https://image.tmdb.org/t/p/w1280/A5lVyejMsP5G7rAJBwU9ug3Wzou.jpg,"Set in 1960-1970 New York, this sexy, stylized and provocative drama follows the lives of the ruthlessly competitive men and women of Madison Avenue advertising",80
succession,Succession,2018,tv,76331,https://image.tmdb.org/t/p/w500/z0XiwdrCQ9yVIr4O0pxzaAYRxdW.jpg,https://image.tmdb.org/t/p/w1280/bcdUYUFk8GdpZJPiSAas9UeocLH.jpg,Follow the lives of the Roy family as they contemplate their future once their aging father begins to step back from the media and entertainment conglomerate th,100
seinfeld,Seinfeld,1989,tv,1400,https://image.tmdb.org/t/p/w500/aCw8ONfyz3AhngVQa1E2Ss4KSUQ.jpg,https://image.tmdb.org/t/p/w1280/tMRdEsMg9MyXAkcufK9YJEeIaNW.jpg,A stand-up comedian and his three offbeat friends weather the pitfalls and payoffs of life in New York City in the '90s. It's a show about nothing.,80
the-office,The Office,2005,tv,2316,https://image.tmdb.org/t/p/w500/7DJKHzAi83BmQrWLrYYOqcoKfhR.jpg,https://image.tmdb.org/t/p/w1280/mLyW3UTgi2lsMdtueYODcfAB9Ku.jpg,"The everyday lives of office employees in the Scranton, Pennsylvania branch of the fictional Dunder Mifflin Paper Company.",60
arrested-development,Arrested Development,2003,tv,4589,https://image.tmdb.org/t/p/w500/p4r4RD7RsNcJVoz0H6z3dBoTBtW.jpg,https://image.tmdb.org/t/p/w1280/8qn0u64JXSgnGKe2KkKqrfH7V84.jpg,"The story of a wealthy family that lost everything, and the one son who had no choice but to keep them all together.",60
deadwood,Deadwood,2004,tv,1406,https://image.tmdb.org/t/p/w500/fWwxYAuqY4Na7fKI3Qq2nFWCwG8.jpg,https://image.tmdb.org/t/p/w1280/dGzPJnh8YcUS4J10sNunohaXMVn.jpg,"The story of the early days of Deadwood, South Dakota; woven around actual historic events with most of the main characters based on real people. Deadwood start",80
oz,Oz,1997,tv,3322,https://image.tmdb.org/t/p/w500/oTQ9PUnCgf9CimYeWuDGp8iaT07.jpg,https://image.tmdb.org/t/p/w1280/7C7OEM3NFRraDDnOaUHgDPou3NG.jpg,"The daily lives of prisoners in Emerald City, an experimental unit of the Oswald Maximum Security Prison where ingroups - Muslims, Latinos, Italians, Aryans - s",60